{"cameraMode":{"drawMode":0,"name":"Shaded","section":"Shading Mode"},"sceneLighting":true,"audioPlay":false,"sceneViewState":{"m_AlwaysRefresh":false,"showFog":true,"showSkybox":true,"showFlares":true,"showImageEffects":true,"showParticleSystems":true,"showVisualEffectGraphs":true,"m_FxEnabled":true},"in2DMode":false,"pivot":{"x":0.32762598991394045,"y":-0.2024431824684143,"z":0.3613584041595459},"rotation":{"x":-0.12437919527292252,"y":-0.0410686694085598,"z":0.0051527367904782299,"w":-0.9913718104362488},"size":1.6891241073608399,"orthographic":false}